date,code,name,open,high,low,close,volume,change_rate
2026-10-01,000660,SK하이닉스,0,0,0,1783000,3280459,1.02
2026-10-01,005930,삼성전자,0,0,0,269500,16477580,-1.1
2026-10-01,266690,덕산넵코어스,0,0,0,16830,45996531,15.27
2026-10-01,486510,글로벌테크놀로지,0,0,0,18230,39889188,0.05
2026-10-01,009830,한화솔루션,0,0,0,33100,6710561,1.85
2026-10-01,055550,신한지주,0,0,0,106500,1719895,-3.62
2026-10-01,105560,KB금융,0,0,0,169800,1072267,-2.13
2026-10-01,072950,빛샘전자,0,0,0,15060,10370600,11.23
2026-10-01,086790,하나금융지주,0,0,0,130700,1137167,-3.4
2026-10-01,066570,LG전자,0,0,0,213500,693785,0.0
2026-10-01,093370,후성,0,0,0,15070,9664465,6.73
2026-10-01,001820,삼화콘덴서,0,0,0,150800,907879,-4.25
2026-10-01,034020,두산에너빌리티,0,0,0,81900,1524398,2.76
2026-10-01,353200,대덕전자,0,0,0,132300,885776,1.61
2026-10-01,047040,대우건설,0,0,0,17730,6006801,2.07
2026-10-01,316140,우리금융지주,0,0,0,34850,3012115,-4.26
2026-10-01,000270,기아,0,0,0,113600,914012,-2.07
2026-10-01,457190,이수스페셜티케미컬,0,0,0,78000,1183009,14.71
2026-10-01,028050,삼성E&A,0,0,0,47900,1795221,1.59
2026-10-01,003490,대한항공,0,0,0,32050,2648543,2.07
2026-10-01,018880,한온시스템,0,0,0,3530,23424583,10.31
2026-10-01,000990,DB하이텍,0,0,0,137700,529292,-1.5
2026-10-01,267320,나인테크,0,0,0,2765,25286882,7.17
2026-10-01,010140,삼성중공업,0,0,0,19840,3449094,2.64
2026-10-01,001440,대한전선,0,0,0,29850,2271756,1.19
2026-10-01,007660,이수페타시스,0,0,0,115400,580461,-2.2
2026-10-01,064350,현대로템,0,0,0,113200,562129,0.8
2026-10-01,052260,현대바이오랜드,0,0,0,5410,11576973,-4.59
2026-10-01,042660,한화오션,0,0,0,78800,690210,0.25
2026-10-01,002710,TCC스틸,0,0,0,14610,3609466,29.98
2026-10-01,272210,한화시스템,0,0,0,75200,688517,4.59
2026-10-01,082740,한화엔진,0,0,0,49350,906248,6.02
2026-10-01,071090,하이스틸,0,0,0,4050,10140631,22.91
2026-10-01,092790,넥스틸,0,0,0,14680,2637823,11.21
2026-10-01,047050,포스코인터내셔널,0,0,0,58300,598731,7.17
2026-10-01,336260,두산퓨얼셀,0,0,0,45800,708739,4.57
2026-10-01,088350,한화생명,0,0,0,5380,5958938,-7.72
2026-10-01,007810,코리아써키트,0,0,0,74500,396774,0.54
2026-10-01,035720,카카오,0,0,0,33600,876054,-0.3
2026-10-01,475150,SK이터닉스,0,0,0,49800,528822,-0.2
2026-10-01,008970,KBI동양철관,0,0,0,1483,17613589,29.97
2026-10-01,006360,GS건설,0,0,0,34100,756331,0.29
2026-10-01,005010,휴스틸,0,0,0,4270,5956955,11.2
2026-10-01,015760,한국전력,0,0,0,30050,829531,-0.17
2026-10-01,001450,현대해상,0,0,0,47900,516927,-4.2
2026-10-01,006800,미래에셋증권,0,0,0,30850,758800,-0.96
2026-10-01,024110,기업은행,0,0,0,20250,1075435,-2.17
2026-10-01,030000,제일기획,0,0,0,18780,1153853,5.03
2026-10-01,138930,BNK금융지주,0,0,0,15870,1354377,-3.47
2026-10-01,175330,JB금융지주,0,0,0,29050,688820,-5.99
2026-10-01,034220,LG디스플레이,0,0,0,8340,2368402,0.0
2026-10-01,323410,카카오뱅크,0,0,0,19950,936611,-1.48
2026-10-01,006340,대원전선,0,0,0,12980,1413352,-0.15
2026-10-01,011200,HMM,0,0,0,20900,792896,-0.48
2026-10-01,004020,현대제철,0,0,0,30400,497631,1.33
2026-10-01,032640,LG유플러스,0,0,0,14570,920590,-1.55
2026-10-01,139130,iM금융지주,0,0,0,18240,725764,-3.29
2026-10-01,002990,금호건설,0,0,0,12330,989518,-3.07
2026-10-01,270520,앱튼,0,0,0,810,14745482,-18.26
2026-10-01,014280,금강공업,0,0,0,4850,2367654,2.43
2026-10-01,003530,한화투자증권,0,0,0,4630,2401255,1.76
2026-10-01,017900,광전자,0,0,0,9560,1103704,1.16
2026-10-01,090460,비에이치,0,0,0,20450,466435,-0.24
2026-10-01,004710,한솔테크닉스,0,0,0,11070,842728,-1.42
2026-10-01,028670,팬오션,0,0,0,5750,1580437,0.88
2026-10-01,001210,금호전기,0,0,0,9330,835817,-3.32
2026-10-01,073240,금호타이어,0,0,0,6710,1083793,-1.9
2026-10-01,025560,미래산업,0,0,0,8220,858991,8.87
2026-10-01,004310,현대약품,0,0,0,8420,820390,-1.29
2026-10-01,003010,혜인,0,0,0,9800,668007,4.48
2026-10-01,005950,이수화학,0,0,0,11140,550726,6.2
2026-10-01,000370,한화손해보험,0,0,0,7360,753577,-6.6
2026-10-01,001250,GS글로벌,0,0,0,2915,1880489,8.57
2026-10-01,005690,파미셀,0,0,0,12080,446790,0.0
2026-10-01,088980,맥쿼리인프라,0,0,0,9810,547032,-0.3
2026-10-01,005440,현대지에프홀딩스,0,0,0,12800,415617,0.79
2026-10-01,317400,자이에스앤디,0,0,0,9840,538398,2.29
2026-10-01,020120,키다리스튜디오,0,0,0,8500,621760,6.12
2026-10-01,192650,드림텍,0,0,0,7930,663343,-3.88
2026-10-01,001740,SK네트웍스,0,0,0,6200,776240,0.0
2026-10-01,452260,한화갤러리아,0,0,0,2900,1566637,1.58
2026-10-01,012030,DB,0,0,0,1884,1698235,8.9
2026-10-01,001510,SK증권,0,0,0,2270,1248526,0.22
2026-10-01,003280,흥아해운,0,0,0,1814,1554493,1.0
2026-10-01,009410,태영건설,0,0,0,1671,1633698,4.44
2026-10-01,003580,HLB글로벌,0,0,0,1970,1312976,-2.96
2026-10-01,279570,케이뱅크,0,0,0,5400,432825,-0.92
2026-10-01,014990,인디에프,0,0,0,3800,520782,11.27
2026-10-01,005880,대한해운,0,0,0,2065,812327,1.47
2026-10-01,010580,에스엠벡셀,0,0,0,2345,694808,-3.89
2026-10-01,026940,부국철강,0,0,0,2195,650432,6.3
2026-10-01,009190,대양금속,0,0,0,773,1752141,8.72
2026-10-01,071950,코아스,0,0,0,1620,784863,-15.71
2026-10-01,005030,부산주공,0,0,0,44,26482549,18.92
2026-10-01,002700,신일전자,0,0,0,999,855726,1.94
